FIPS,TotalPopEst2019
06037,10039107
17031,5150233
48201,4713325
04013,4485414
06073,3338330
06059,3175692
12086,2716940
48113,2635516
36047,2559903
06065,2470546
32003,2266715
36081,2253858
53033,2252782
06071,2180085
48439,2102515
48029,2003554
12011,1952778
06085,1927852
26163,1749343
06001,1671329
36061,1628706
25017,1611699
42101,1584064
06067,1552058
12099,1496770
36103,1476601
12057,1471968
36005,1418207
12095,1393452
36059,1356924
39049,1316756
48453,1273954
27053,1265843
26125,1257584
39035,1235072
42003,1216045
49035,1160437
06013,1153526
51059,1147532
37183,1111761
37119,1110356
13121,1063937
24031,1050688
04019,1047279
48085,1034730
06019,999101
29189,994205
12103,974996
15003,974563
36119,967506
18097,964582
12031,957755
55079,945726
09001,943332
47157,937166
13135,936250
34003,932202
17043,922921
36029,918702
24033,909327
53053,904980
06029,900202
09003,891720
48121,887207
06075,881549
26099,873972
48215,868707
09009,854757
06111,846006
48141,839238
42091,830915
25027,830622
24005,827370
34023,825062
53061,822083
39061,817473
41051,812855
48157,811688
25025,803907
34013,798975
40109,797434
25009,789034
12071,770577
21111,766757
06081,766573
06077,762148
13067,760141
13089,759297
36055,741770
08031,727211
12105,724777
08041,720403
25021,706775
11001,705749
29095,703011
17097,696535
47037,694144
17197,690743
35001,679121
34017,672391
01073,658573
26081,656955
08005,656590
40143,651552
44007,638931
49049,636235
42017,628270
34025,618795
48339,607391
34029,607186
20091,602401
12009,601942
41067,601592
24510,593490
48491,590551
08059,582881
24003,579234
31055,571327
42045,566747
25005,565217
10003,558753
34039,556341
12101,553947
12127,553284
06099,550660
27123,550321
55025,546695
42071,545724
39153,541013
37081,537174
17089,532403
39113,531687
42029,524989
45045,523542
53063,522798
25023,521202
08001,517421
20173,516042
34007,506471
34031,501826
06097,494336
34027,491845
19153,490161
53011,488241
18089,485493
16001,481587
36085,476143
12117,471826
32031,471519
51153,470335
47093,470313
25013,466372
06107,466195
04021,462789
36067,460528
51810,449974
42133,449058
06095,447643
06083,446499
34005,445349
22033,440059
06053,434061
12115,433742
22051,432493
27037,429021
39095,428348
48061,423163
42011,421164
41005,418187
33011,417025
45079,415759
51107,413538
01097,413210
45019,411406
26049,405813
55133,404198
12081,403253
29183,402022
06061,398329
05119,391911
22071,390144
36071,384940
12021,384902
39017,383134
37067,382295
41039,382067
18003,379299
12097,375751
48039,374264
01089,372909
39151,370606
42077,369318
47065,367804
26161,367601
34021,367430
12069,367118
12083,365579
48027,362924
48355,362294
27003,356921
08069,356899
49011,355481
45051,354081
51041,352802
08035,351154
42129,348899
41047,347818
48167,342139
18057,338011
37051,335509
47149,332285
51087,330818
34035,328934
12111,328297
08013,326196
36087,325789
24027,325690
08123,324492
21067,323152
37063,321488
45083,319785
31109,319090
72127,318441
12033,318316
42079,317417
48303,310569
39093,309833
33015,309769
17111,307774
36001,305506
42095,305285
29510,300576
45063,298750
23005,295003
36027,294218
12073,293582
29077,293086
26065,292406
13063,292256
26139,291830
34015,291636
53067,290536
13051,289430
02020,288000
40027,284014
06079,283111
17201,282572
45091,280979
05007,279141
42043,278299
06047,277680
48479,276652
06087,273213
18141,271826
53035,271473
42049,269728
12001,269043
09011,265206
26077,265066
12109,264672
55009,264542
34001,263670
17119,262966
27163,262440
37021,261191
22103,260419
49057,260213
17163,259686
24021,259547
06041,258826
13057,258773
48309,256623
24025,255441
42041,253370
48245,251565
53077,250873
29047,249948
51550,244835
22055,244390
13117,244252
51710,242742
22017,240204
37179,239859
05143,239187
47187,238412
51013,236842
04025,235099
39165,234602
13151,234561
37129,234473
10005,234225
48423,232751
28049,231840
51760,230436
48209,230191
39085,230149
36091,229863
16027,229849
53073,229247
48041,229211
39099,228683
36065,228671
45015,227907
19113,226706
01101,226486
29099,225081
37071,224529
01003,223234
41029,220944
06113,220500
12019,219252
06007,219186
35013,218195
01117,217702
37025,216453
04027,213787
25001,212990
04015,212181
12091,210738
17019,209689
42069,209674
01125,209355
37101,209339
36063,209281
39041,209177
47125,208993
28047,208080
23031,207641
42125,206865
39025,206428
18039,206341
13139,204441
53005,204390
22019,203436
45007,202558
13245,202518
15001,201513
27137,199070
39155,197974
37133,197938
41017,197692
55101,196311
13215,195769
18157,195732
17167,194672
12053,193920
46099,193134
06017,192843
45013,192122
26093,191995
47165,191283
26145,190539
36007,190488
12015,188910
55087,187885
42019,187853
31153,187196
28033,184945
48139,184826
12113,184313
38017,181923
37097,181806
18163,181451
06025,181215
10001,180786
37147,180742
29019,180463
09005,180333
06089,180080
39103,179746
51700,179225
17143,179179
54039,178124
36111,177573
49053,177556
20177,176875
39089,176862
48329,176832
48251,175817
12005,174705
26121,173566
19163,172943
55139,171907
17113,171517
45003,170872
18127,170389
18063,170311
42089,170271
55059,169561
37001,169509
72021,169269
39057,168937
13223,168667
24013,168447
08101,168424
37057,167609
15009,167417
21117,166998
48187,166847
48135,166223
16055,165697
20209,165429
01081,164542
44003,164292
42007,163929
50007,163774
55105,163354
24017,163257
45035,162809
39133,162466
09007,162436
42027,162385
30111,161300
27145,161075
12085,161000
25015,160830
12061,159923
37035,159551
51510,159428
26147,159128
36083,158714
26075,158510
47163,158348
27109,158293
18081,158167
13153,157863
39045,157574
06039,157327
13073,156714
48091,156209
36093,155299
28121,155271
42055,155027
08077,154210
26021,153401
22073,153279
13021,153159
06031,152940
51179,152882
23019,152148
33013,151391
19103,151140
24043,151049
09013,150721
26115,150500
35049,150358
12017,149657
34011,149527
27139,149013
13077,148509
37135,148476
18105,148431
40017,148306
72031,146984
35043,146748
13097,146343
47189,144657
37151,143667
28059,143617
04005,143476
48367,142878
37019,142820
37159,142088
17161,141879
42075,141793
42107,141359
22063,140789
34037,140488
27171,138377
45041,138293
48441,138034
06055,137744
48381,137713
51177,136215
48181,136212
48257,136154
55131,136034
37085,135976
55073,135692
06023,135558
22105,134758
51650,134510
26025,134159
39023,134083
21015,133581
47009,133088
21227,132896
12119,132420
48485,132230
72113,131881
17179,131803
19013,131228
39173,130817
33017,130633
37155,130625
42021,130192
41043,129749
22079,129648
18095,129569
47179,129375
42051,129274
53057,129205
17093,128990
13059,128331
49005,128289
05131,127827
22015,127039
36013,126903
45077,126884
22005,126604
05045,126007
04003,125922
44009,125577
25003,124944
72025,124606
34019,124371
35045,123958
48183,123945
37191,123131
05125,122437
23011,122302
20045,122259
42013,121829
29097,121328
39139,121154
40031,120749
13045,119992
01103,119679
30063,119600
48451,119200
54003,119171
16019,119062
18019,118302
26005,118081
55063,118016
37089,117417
48375,117415
13185,117406
36075,117124
09015,116782
39169,115710
55117,115340
12035,115081
30031,114434
13113,114421
18035,114135
46103,113775
01015,113605
24037,113510
42081,113299
13217,111744
41019,110980
21093,110958
04017,110924
53015,110593
22109,110461
05031,110332
26045,110268
18091,109888
17091,109862
36045,109834
36069,109777
42085,109424
51003,109330
17099,108669
02170,108317
23001,108277
47011,108110
51085,107766
36089,107740
13015,107738
41071,107100
18167,107038
39109,106987
45085,106721
28089,106272
12055,106221
01069,105882
29037,105780
54061,105612
34041,105267
27019,105089
48397,104915
17037,104897
55035,104646
13313,104628
29165,104418
17115,104009
29071,103967
55127,103868
30029,103806
24045,103609
55039,103403
26017,103126
19193,103107
42001,103009
24015,102855
39003,102351
01055,102268
36109,102180
37049,102139
39029,101883
21059,101511
37125,100880
06057,99755
56021,99500
05051,99386
51770,99143
01083,98915
48231,98594
51121,98535
13115,98498
26091,98451
36079,98320
47155,98250
45057,98012
47113,97984
37045,97947
53025,97733
22057,97614
19061,97311
39007,97241
27141,97238
19169,97117
06101,96971
02090,96849
01095,96774
47119,96387
38015,95626
36101,95379
53021,95222
13297,94593
51740,94398
37127,94298
51161,94186
39055,93649
21037,93584
19049,93453
48037,93245
19155,93206
26055,93088
41003,93053
21151,92987
01077,92729
24009,92525
40131,92459
51800,92108
48469,92084
34009,92039
39157,91987
54011,91945
37157,91010
13247,90896
42097,90843
55109,90687
37023,90485
36117,89918
33009,89886
01115,89512
51069,89313
55089,89221
48021,88723
12089,88625
29043,88595
48291,88219
13095,87956
55027,87839
16005,87808
26087,87607
41033,87487
29021,87364
16083,86878
06045,86749
48005,86715
39119,86215
45075,86175
37109,86111
41053,86085
42073,85512
28081,85436
13127,85292
53029,85141
55055,84769
42039,84629
42063,84073
18005,83779
01043,83768
72061,83728
54107,83518
36015,83456
48361,83396
13013,83240
26111,83156
48213,82737
18067,82544
37027,82178
51680,82168
22097,82124
44005,82082
72013,81966
51165,81948
37195,81801
40119,81784
20103,81758
21029,81676
30013,81366
40145,81289
01051,81209
53041,80707
36019,80485
47141,80245
01121,79978
56025,79858
13031,79608
26037,79595
45073,79546
18085,79456
42033,79255
51019,78997
55071,78981
29031,78871
05145,78753
06115,78668
18043,78522
18059,78168
41059,77950
53009,77331
53007,77200
47001,76978
29051,76745
35061,76688
39141,76666
36011,76576
51095,76523
36009,76117
33005,76085
48099,75951
39063,75783
17183,75758
26159,75677
51015,75558
36105,75432
39145,75314
53027,75061
28035,74897
12107,74521
37037,74470
72137,74271
39043,74266
20161,74232
12087,74228
28075,74125
12131,74071
42111,73447
54081,73361
05085,73309
55141,72999
13157,72977
48471,72971
40125,72592
15007,72293
49045,72259
72135,72025
04001,71887
47147,71813
37171,71783
12023,71686
72097,71530
40037,71522
01049,71513
35031,71367
51061,71222
35025,71070
36053,70941
45047,70811
55097,70772
18109,70489
08014,70465
21047,70461
24001,70416
25011,70180
48497,69984
13285,69922
26073,69872
22045,69830
13295,69761
37069,69685
37031,69473
38035,69451
30049,69432
47059,69069
37193,68412
51199,68280
41035,68238
26155,68122
28067,68098
40101,67997
18011,67843
27013,67653
38101,67641
13047,67580
45059,67493
35035,67490
54033,67256
29187,67215
23003,67055
37161,67029
39013,67006
27131,66972
20015,66911
05069,66824
21185,66799
53045,66768
48409,66730
13255,66703
26103,66699
45031,66618
17199,66597
48203,66553
45055,66551
18177,65884
18053,65769
17001,65435
21145,65418
39009,65327
39081,65325
48347,65204
39101,65093
06103,65084
27035,65055
21199,64979
42037,64964
47063,64934
42005,64735
26067,64697
55017,64658
48427,64633
35005,64615
41011,64487
55111,64442
06033,64386
13103,64296
27027,64222
42025,64182
05115,64072
36113,63944
26117,63888
72139,63674
37163,63531
01127,63521
28073,63343
05033,63257
37141,63060
18173,62998
36051,62914
06069,62808
37167,62806
45043,62680
34033,62385
39083,62322
37087,62317
22001,62045
20155,61998
37105,61779
48221,61643
47167,61599
26015,61550
13179,61435
31079,61353
36043,61319
33001,61303
36115,61204
46083,61128
40047,61056
26149,60964
21125,60813
53071,60760
47035,60520
37077,60443
51143,60354
42015,60323
08045,60061
39167,59911
22113,59511
36077,59493
39087,59463
36021,59461
29113,59013
39159,58988
54055,58758
27111,58746
37061,58741
48323,58722
02122,58708
28087,58595
39143,58518
35015,58460
39129,58457
50023,58409
39077,58266
29145,58236
50021,58191
23017,57975
13129,57963
01113,57961
21195,57876
01009,57826
48001,57735
48199,57602
55021,57532
32019,57510
45021,57300
36037,57280
54037,57146
21209,57004
47073,56786
17077,56750
48467,56590
27025,56579
47031,56520
54079,56450
47019,56391
08067,56221
37189,56177
54049,56072
49003,56046
51067,56042
37107,55949
29213,55928
32510,55916
01001,55869
40051,55834
42103,55809
28109,55535
37047,55508
48473,55246
01033,55241
37093,55234
39147,55178
17195,55175
08037,55127
50027,55062
23009,54987
51031,54885
49021,54839
13039,54666
47089,54495
06109,54478
48401,54406
20169,54224
21113,54115
47105,54068
29101,54062
28071,54019
04007,54018
47043,53948
47107,53794
51191,53740
17007,53544
39005,53484
22099,53431
36035,53383
47145,53382
22089,53100
51660,53016
32007,52778
48073,52646
29169,52607
51047,52605
48265,52600
41009,52354
01031,52342
24047,52276
26157,52245
26027,51787
01071,51626
48325,51584
40147,51527
37065,51472
19181,51466
55043,51439
42127,51361
48373,51353
48013,51153
39037,51113
48493,51070
17063,51054
21073,50991
55135,50990
42121,50668
72069,50653
17141,50643
17029,50621
51089,50557
23025,50484
27169,50484
24035,50381
72005,50265
48349,50113
53075,50104
55015,50089
72145,50023
36033,50022
37083,50010
41041,49962
48277,49859
40079,49853
47003,49713
17095,49699
31019,49659
28105,49587
18029,49458
50011,49402
22101,49348
36057,49221
01045,49172
47053,49133
48465,49025
21211,49024
26123,48980
35009,48954
17073,48913
33003,48910
32005,48905
40021,48657
39149,48590
44001,48479
36107,48203
48053,48155
40019,48111
72119,48025
40083,48011
40013,47995
18065,47972
05035,47955
53037,47935
42009,47888
08043,47839
18113,47744
28045,47632
36023,47581
13175,47546
72023,47515
48259,47431
22115,47429
51540,47266
22087,47244
36017,47207
27007,47188
36039,47188
72063,47093
37013,46994
40113,46963
16011,46811
22061,46742
21019,46718
47123,46545
32023,46523
04023,46498
19045,46429
12063,46414
56005,46341
27049,46340
29029,46305
42099,46272
18099,46258
55081,46253
21179,46233
22117,46194
42087,46138
36003,46091
06009,45905
37111,45756
16017,45739
53065,45723
39091,45672
12039,45660
39011,45656
45025,45650
26059,45605
13071,45600
37169,45591
48499,45539
28149,45381
18093,45370
55033,45368
13137,45328
05055,45325
55005,45244
21101,45210
42061,45144
27061,45130
17117,44926
42119,44923
13009,44890
37153,44829
29027,44743
39097,44731
18145,44729
21107,44686
72075,44679
72029,44674
29161,44573
37181,44535
17177,44498
13275,44451
01021,44428
12121,44417
21009,44249
18071,44231
47099,44142
36025,44135
39075,43960
37099,43938
28151,43909
48071,43837
30081,43806
55095,43783
48055,43664
40121,43654
51171,43616
06093,43539
40071,43538
26023,43517
18033,43475
26107,43453
39015,43432
53017,43429
42065,43425
13069,43273
05091,43257
27067,43199
39071,43161
55031,43150
33019,43146
40137,43143
40041,43009
37059,42846
22095,42837
08085,42758
55093,42754
18037,42736
48143,42698
19139,42664
13233,42613
29023,42478
19033,42450
72035,42409
54019,42406
56037,42343
29159,42339
53047,42243
50025,42222
47051,42208
12093,42168
49043,42145
39051,42126
12051,42022
39027,41968
05005,41932
48459,41753
40135,41569
48481,41556
12075,41503
39033,41494
54069,41411
47177,41277
48097,41257
39107,41172
26151,41170
47047,41133
40097,41100
51683,41085
55115,40899
27009,40889
39135,40882
26057,40711
47021,40667
05093,40651
13277,40644
42083,40625
27059,40596
51185,40595
42117,40591
39123,40525
18061,40515
48249,40482
40087,40474
72071,40423
16069,40408
42109,40372
01123,40367
36073,40352
55075,40350
42115,40328
13219,40280
41007,40224
51187,40164
22009,40144
29091,40117
16057,40108
13213,40096
27099,40062
51590,40044
16065,39907
36121,39859
47013,39842
37139,39824
23013,39772
06005,39752
23027,39715
13029,39627
18087,39614
29225,39592
37145,39490
72057,39465
54099,39402
19127,39369
28113,39288
56013,39261
72065,39218
42123,39191
21035,39001
19057,38967
35039,38921
39021,38885
56001,38880
39059,38875
46013,38839
04009,38837
20037,38818
05139,38682
42035,38632
17055,38469
40111,38465
17203,38459
45071,38440
42031,38438
29109,38355
51149,38353
22119,38340
18107,38338
72043,38336
72041,38307
40123,38284
29201,38280
22069,38158
72077,38155
27041,38141
39039,38087
12027,38001
55083,37930
48049,37864
05063,37825
18017,37689
17081,37684
45029,37677
37197,37667
51109,37591
38105,37589
18133,37576
17027,37562
22011,37497
37003,37497
05009,37432
51195,37383
26033,37349
51073,37348
72091,37287
21083,37266
17121,37205
01047,37196
19099,37185
24041,37181
47045,37159
51093,37109
48223,37084
51137,37051
01039,37049
37055,37009
72085,37007
55045,36960
28003,36953
36031,36885
50001,36777
72003,36694
39171,36692
48227,36664
27147,36649
48217,36649
48321,36643
01053,36633
39031,36600
18083,36594
31053,36565
18069,36520
20055,36467
21235,36264
21049,36263
42059,36233
72051,36141
39127,36134
72143,36061
47029,36004
72129,35989
19187,35904
27085,35893
48477,35882
27017,35871
37113,35858
23023,35856
29009,35789
26041,35784
18001,35777
13299,35734
49047,35734
29105,35723
26061,35684
29219,35649
17105,35648
31157,35618
55085,35595
21071,35589
48241,35529
72131,35528
18103,35516
48147,35514
50003,35470
39117,35328
28093,35294
28095,35252
13145,35236
31119,35099
21089,35098
46011,35077
19179,34969
30093,34915
31111,34914
20035,34908
72099,34891
40081,34877
19167,34855
37165,34823
55019,34774
54025,34662
17133,34637
23015,34634
18151,34594
20079,34429
27005,34423
37175,34385
47117,34375
47103,34366
17057,34340
27103,34274
20121,34237
28107,34192
28085,34153
17103,34096
49051,34091
51155,34027
36099,34016
17049,34008
18183,33964
51083,33911
39137,33861
05059,33771
45027,33745
12129,33739
18051,33659
17137,33658
19111,33657
26165,33631
20057,33619
13187,33610
72153,33575
18073,33562
31141,33470
54077,33432
51023,33419
26047,33415
24011,33406
48189,33406
22039,33395
27097,33386
18027,33351
47183,33328
01017,33254
19125,33253
20111,33195
47143,33167
01109,33114
01079,32924
40089,32832
48449,32750
35055,32723
37017,32722
29107,32708
17011,32628
13227,32591
48025,32565
22047,32511
39079,32413
18023,32399
47079,32345
51001,32316
18077,32308
17021,32304
72047,32293
72151,32282
45023,32244
53031,32221
28115,32174
29167,32149
54045,32019
02110,31974
47025,31959
29209,31952
24019,31929
18055,31922
20125,31829
17157,31782
20061,31670
51009,31605
33007,31563
38089,31489
23029,31379
13123,31369
22053,31368
39065,31365
27119,31364
38059,31364
31001,31363
01059,31362
51730,31346
08029,31162
21121,31145
40115,31127
21157,31100
08117,31011
36095,30999
18169,30996
26063,30981
26035,30950
49039,30939
55123,30822
13311,30798
51033,30725
28001,30693
48273,30680
45067,30657
28011,30628
21177,30622
51117,30587
06035,30573
41045,30571
54051,30531
72027,30504
56033,30485
45033,30479
30047,30458
45089,30368
72101,30335
27047,30281
72125,30227
23007,30199
51173,30104
45053,30073
47131,30069
21021,30060
48015,30032
48067,30026
50005,29993
13177,29992
13305,29927
42047,29910
39053,29898
13195,29880
16051,29871
13143,29792
51035,29791
27021,29779
01093,29709
28163,29690
17109,29682
51145,29652
55121,29649
27115,29579
13261,29524
47055,29464
72053,29454
12003,29210
56029,29194
48363,29189
26105,29144
29069,29131
28099,29118
08087,29068
51630,29036
29207,29025
24023,29014
40039,29003
47115,28907
50017,28892
27079,28887
48185,28880
48407,28859
28145,28815
54029,28810
40015,28762
13169,28735
54083,28695
51197,28684
17107,28618
37039,28612
54035,28576
21163,28572
20051,28553
51053,28544
20113,28542
29127,28530
39047,28525
17135,28414
26007,28405
06021,28393
05015,28380
46093,28332
18137,28324
28137,28321
18179,28296
39161,28275
39073,28264
12007,28201
28083,28183
21173,28157
28123,28124
47077,28117
51840,28078
28029,28065
18175,28036
46029,28009
06015,27812
39131,27772
47017,27767
37053,27763
18079,27735
72019,27725
40049,27711
39001,27698
55029,27668
55069,27593
13207,27578
13225,27546
16039,27511
22031,27463
72141,27395
72105,27349
47185,27345
45087,27316
35047,27277
51065,27270
45037,27260
37009,27203
37123,27173
72123,27128
17075,27114
21141,27102
50019,27037
41057,27036
39069,27006
35017,26998
48171,26988
12049,26937
39019,26914
54057,26868
51099,26836
41061,26835
13279,26830
21043,26797
42131,26794
48463,26741
21239,26734
08039,26729
55057,26687
41065,26682
35006,26675
28127,26658
51167,26586
05071,26578
18031,26559
54053,26516
26127,26467
22121,26465
21085,26427
13087,26404
13293,26320
36049,26296
27095,26277
01061,26271
31025,26248
19015,26234
18021,26225
13147,26205
01019,26196
13111,26188
08083,26183
72011,26161
26029,26143
45069,26118
13085,26108
21013,26032
21095,26010
13257,25925
46081,25844
20009,25779
21217,25769
72103,25761
21193,25758
47109,25694
47071,25652
19011,25645
08107,25638
47097,25633
22003,25627
29131,25619
24039,25616
20059,25544
27083,25474
12133,25473
26051,25449
18129,25427
29215,25398
08119,25388
29007,25388
50015,25362
48149,25346
29001,25343
51775,25301
13267,25286
26031,25276
48419,25274
26043,25239
47081,25178
19149,25177
26069,25127
28117,25126
28133,25110
21081,25069
19017,25062
47069,25050
27015,25008
05123,24994
13035,24936
51790,24932
05023,24919
36123,24913
32001,24909
22067,24874
48331,24823
72007,24814
13055,24789
42067,24763
29175,24748
29221,24730
01005,24686
26137,24668
18135,24665
27153,24664
41031,24658
13131,24633
47111,24602
28091,24573
26101,24558
72087,24553
21137,24549
40065,24530
45001,24527
13291,24511
28039,24500
54067,24496
21205,24460
37007,24446
55137,24443
16053,24412
41013,24404
20149,24383
72081,24276
40133,24258
54097,24176
18181,24102
16031,24030
26143,24019
51600,24019
21183,23994
16075,23951
29055,23920
51139,23902
22085,23884
18143,23873
51075,23753
72017,23727
35029,23709
55049,23678
37091,23677
01133,23629
01025,23622
31047,23595
05111,23528
48007,23510
17165,23491
56039,23464
26133,23460
05027,23457
48293,23437
54059,23424
51105,23423
28057,23390
05103,23382
41027,23382
13119,23349
26009,23324
47057,23320
27093,23222
22075,23197
48365,23194
54027,23175
72033,23121
48019,23112
18041,23102
51127,23091
16013,23021
48219,23021
29177,23018
18149,22995
48225,22968
41015,22925
72115,22918
39105,22907
29119,22837
20191,22836
46135,22814
51147,22802
28079,22786
26109,22780
29195,22761
18047,22758
21005,22747
01111,22722
13107,22646
51820,22630
37033,22604
53003,22582
51163,22573
51670,22529
53049,22471
37117,22440
53039,22425
08075,22409
01007,22394
22043,22389
13033,22383
13081,22372
45039,22347
05019,22320
47133,22241
55125,22195
40001,22194
21115,22188
28027,22124
13237,22119
22111,22108
72009,22108
19123,22095
29147,22092
47151,22068
28139,22015
72079,22010
19183,21965
54009,21939
21167,21933
22007,21891
48179,21886
13205,21863
40009,21859
29083,21824
48299,21795
17083,21773
39175,21772
26089,21761
37115,21755
22077,21730
72121,21712
48457,21672
17173,21634
27105,21629
27157,21627
49041,21620
31155,21578
12123,21569
51169,21566
21133,21553
06011,21547
05057,21532
31067,21513
48089,21493
48165,21492
27057,21491
05083,21466
54005,21457
20175,21428
48281,21428
47129,21403
72149,21372
48489,21358
05149,21341
17051,21336
21003,21315
13189,21312
48057,21290
17085,21235
72133,21209
19019,21175
13199,21167
04012,21108
22093,21096
37079,21069
27045,21067
16067,21039
28101,21018
51027,21004
26129,20997
48341,20940
48233,20938
27039,20934
17145,20916
45011,20866
05029,20846
48177,20837
18119,20799
28043,20758
01099,20733
31177,20729
37149,20724
38093,20704
19105,20681
18153,20669
55053,20643
29141,20627
13091,20605
29217,20563
47041,20490
21027,20477
45081,20473
49007,20463
18075,20436
55061,20434
54043,20409
54109,20394
29049,20387
13303,20374
08015,20356
55119,20343
21231,20333
48163,20306
18147,20277
18015,20257
13321,20247
56041,20226
55001,20220
72107,20220
40153,20211
28153,20183
19027,20165
48123,20160
47159,20157
48285,20154
22083,20122
48253,20083
31043,20026
22041,20015
19191,19991
40139,19983
53001,19983
30053,19980
18049,19974
47173,19972
05113,19964
19087,19954
20021,19939
49013,19938
01107,19930
21051,19901
56023,19830
51079,19819
48337,19818
21017,19788
46035,19775
37185,19731
48161,19717
27091,19683
05003,19657
19065,19650
18117,19646
19021,19620
20099,19618
12059,19617
40091,19596
35027,19572
13183,19559
37131,19483
13229,19465
17041,19465
01013,19448
29015,19443
19097,19439
24029,19422
13019,19397
28141,19383
35028,19369
21215,19351
28025,19316
13211,19276
21155,19273
22029,19259
72111,19249
13011,19234
45049,19222
21001,19202
13105,19194
55067,19189
18123,19169
29157,19136
22037,19135
13025,19109
13171,19077
20087,19043
21099,19035
13231,18962
37015,18947
55047,18913
21097,18886
01091,18863
08093,18845
06063,18807
48003,18705
48035,18685
39125,18672
17033,18667
72045,18648
28031,18636
19031,18627
27161,18612
27055,18600
12041,18582
47085,18582
21213,18572
48117,18546
47049,18523
19157,18504
35041,18500
12079,18493
20041,18466
46005,18453
48051,18443
02050,18386
13001,18386
48133,18360
28131,18336
13133,18324
29163,18302
19101,18295
29229,18289
08089,18278
05053,18265
51750,18249
42093,18230
05043,18219
28007,18174
16045,18112
37199,18069
01087,18068
06027,18039
26079,18038
51193,18015
48503,18010
05121,17958
28159,17955
21207,17923
29186,17894
54065,17884
47171,17883
36097,17807
47091,17788
05107,17782
08097,17767
26019,17766
05047,17715
29003,17712
29053,17709
17067,17708
21079,17666
72089,17665
51175,17631
54047,17624
72059,17623
51141,17608
53055,17582
37011,17557
19043,17549
46065,17526
05001,17486
51685,17478
08051,17462
05135,17442
48289,17404
51570,17370
72001,17363
25007,17332
47075,17304
47023,17297
48145,17297
31159,17284
13075,17270
19059,17258
55103,17252
48287,17239
72015,17238
21147,17231
01067,17205
06043,17203
17045,17161
51029,17148
51101,17148
13241,17137
28017,17103
29143,17076
48395,17074
21161,17070
19055,17011
28051,17010
05133,17007
18121,16937
40095,16931
29059,16878
19171,16854
19083,16846
17187,16844
47139,16832
32013,16831
45061,16828
12029,16826
19047,16820
23021,16785
51520,16762
51071,16720
05067,16719
48415,16703
13017,16700
21203,16695
54091,16695
05089,16694
47181,16673
16049,16667
55065,16665
17181,16653
35053,16637
30067,16606
18139,16581
05087,16576
55113,16558
05141,16545
42105,16526
30041,16484
54001,16441
17005,16426
05037,16419
05075,16406
28061,16383
40117,16376
18045,16346
17147,16344
19121,16338
27065,16337
01129,16326
01057,16302
08003,16233
51025,16231
17191,16215
72109,16211
19095,16184
38077,16177
29013,16172
47005,16160
21045,16159
29135,16132
55023,16131
21103,16126
41001,16124
13083,16116
20005,16073
19041,16016
31131,16012
20133,16007
48389,15976
20139,15949
46127,15932
28129,15916
51011,15911
54041,15907
27001,15886
13271,15860
48371,15823
72039,15808
29155,15805
40073,15765
51063,15749
22049,15744
08049,15734
55129,15720
17101,15678
22027,15670
19067,15642
17039,15638
48255,15601
55077,15574
29065,15573
22125,15568
55003,15562
17149,15561
51077,15550
28023,15541
72067,15518
17159,15513
18165,15498
35057,15461
13027,15457
17023,15441
17131,15437
55013,15414
72055,15383
13163,15362
21127,15317
49037,15308
13221,15259
12125,15237
51135,15232
29117,15227
16047,15179
27127,15170
27135,15165
18159,15148
26113,15118
29121,15117
13161,15115
19129,15109
19145,15107
18013,15092
54103,15065
47007,15064
39067,15040
55007,15036
47153,15026
38053,15024
37121,14964
51830,14954
51125,14930
01029,14910
22059,14892
26011,14883
27143,14865
51005,14860
19109,14813
21119,14806
56007,14800
19079,14773
48239,14760
48353,14714
29073,14706
47015,14678
40023,14672
01065,14651
21221,14651
48455,14651
51043,14619
51610,14617
21191,14590
21069,14581
45017,14553
05021,14551
27129,14548
20011,14534
42057,14530
39115,14508
08071,14506
17139,14501
06051,14444
19023,14439
12047,14428
39121,14424
21123,14398
21225,14381
13191,14378
28013,14361
29039,14349
51051,14318
17015,14305
28147,14286
48313,14284
37173,14271
12065,14246
47033,14230
31151,14224
13159,14219
48505,14179
55107,14178
46102,14177
38079,14176
40035,14142
27113,14119
21065,14106
12013,14105
40099,14073
46027,14070
45009,14066
19085,14049
08007,14029
26039,14029
18111,13984
26053,13975
13251,13966
54007,13957
37041,13943
48059,13943
22127,13904
02130,13901
72073,13891
17189,13887
16041,13876
56009,13822
12043,13811
28135,13809
01075,13805
54031,13776
01041,13772
17127,13772
40005,13758
19141,13753
30035,13753
53051,13724
47161,13715
54087,13688
19005,13687
27159,13682
31185,13679
72117,13656
39111,13654
27043,13653
12045,13639
48093,13635
05065,13629
29151,13615
48351,13595
28041,13586
17193,13537
37143,13463
47061,13427
13049,13392
13093,13390
17125,13359
55099,13351
21109,13329
30003,13319
21175,13309
29181,13288
08081,13283
40063,13279
21135,13275
54063,13275
51113,13261
22013,13241
01027,13235
56015,13211
05061,13202
49027,13188
29067,13185
17025,13184
29133,13180
20085,13171
51007,13145
16043,13099
48063,13094
39163,13085
55011,13031
05079,13024
02150,12998
17061,12969
17053,12961
13193,12947
21233,12942
48279,12893
16079,12882
21031,12879
13023,12873
29223,12873
19029,12836
46079,12797
48487,12769
21033,12747
48115,12728
37137,12726
21025,12630
40061,12627
26141,12592
01023,12589
28077,12586
54089,12573
19197,12562
51690,12554
29063,12547
48379,12514
05137,12506
21011,12500
05049,12477
01119,12427
19007,12426
47121,12422
17087,12417
13079,12404
18125,12389
48343,12388
20001,12369
21197,12359
18131,12353
48445,12337
28005,12297
21219,12294
06105,12285
51735,12271
47101,12268
05081,12259
16021,12245
19175,12241
19075,12232
27071,12229
30043,12221
48297,12207
17129,12196
51111,12196
08099,12172
21153,12161
21061,12150
17017,12147
16081,12142
29017,12133
12037,12125
49029,12124
30089,12113
28161,12108
21229,12095
51133,12095
29123,12088
53059,12083
01035,12067
13281,12037
48387,12023
49023,12017
48475,11998
40107,11993
28111,11973
35007,11941
19037,11933
48031,11931
13149,11923
29115,11920
20115,11884
51037,11880
26085,11853
48507,11840
16073,11823
27023,11800
56003,11790
47087,11786
18009,11758
19119,11755
29011,11754
51131,11710
47039,11663
41049,11603
37187,11580
54023,11568
37073,11562
29139,11551
17185,11520
38071,11519
19165,11454
17123,11438
30017,11402
25019,11399
16085,11392
05041,11361
51081,11336
72054,11317
47169,11284
08105,11267
27121,11249
19035,11235
37043,11231
27033,11196
21159,11195
13005,11164
51183,11159
48131,11157
13235,11137
37005,11137
40103,11131
28065,11128
40127,11096
40069,11085
26071,11066
30027,11050
19115,11035
30085,11004
51057,10953
22065,10951
21087,10941
53043,10939
40149,10916
13053,10907
72037,10904
21187,10901
27165,10897
37029,10867
22123,10830
13043,10803
30083,10803
26097,10799
35051,10791
31013,10783
31041,10777
17035,10766
05011,10763
18155,10751
30009,10725
48159,10725
31145,10724
05109,10718
31037,10709
19077,10689
01037,10663
13109,10654
21171,10650
27075,10641
38099,10641
21041,10631
19081,10630
51103,10603
19131,10586
51119,10582
18025,10577
38061,10545
48403,10542
29149,10529
48077,10471
05105,10455
46019,10429
13173,10423
28103,10417
38003,10415
26001,10405
46109,10394
01131,10373
19189,10354
72095,10321
29173,10309
05127,10281
48399,10264
18101,10255
40085,10253
19107,10246
20131,10231
21053,10218
16087,10194
13099,10190
46121,10177
22091,10132
29093,10125
48127,10124
05017,10118
01011,10101
40105,10076
40077,10073
21169,10071
19069,10070
31089,10067
08125,10019
49015,10012
02180,10004
29089,10001
28015,9947
51049,9932
22021,9918
19137,9917
21131,9877
48315,9854
29079,9850
27063,9846
48357,9836
02185,9832
56035,9831
27149,9805
13317,9777
29111,9776
28097,9775
49019,9754
28069,9742
01085,9726
19161,9721
27173,9709
20117,9707
20107,9703
08019,9700
28155,9689
19025,9668
13167,9643
30095,9642
28143,9632
17079,9610
48369,9605
32033,9580
20013,9564
19091,9558
54085,9554
29085,9544
20159,9537
04011,9498
22025,9494
45065,9463
30001,9453
38055,9450
40011,9429
37103,9419
13155,9416
29185,9397
19039,9395
31179,9385
48429,9366
27089,9336
26119,9328
31081,9324
27133,9315
16009,9298
46023,9292
27151,9266
19063,9208
21149,9207
48043,9203
02261,9202
21139,9194
29153,9174
13209,9172
20151,9164
19089,9158
30023,9140
48425,9128
27117,9126
26003,9108
31137,9034
51159,9023
29025,9020
55041,9004
19051,9000
28021,8988
05097,8986
46033,8972
13319,8954
30087,8937
48237,8935
01105,8923
31033,8910
19073,8888
19147,8886
21077,8869
05077,8857
31039,8846
06049,8841
51115,8834
27029,8818
21055,8806
40151,8793
20029,8786
16035,8756
18007,8748
21091,8722
48501,8713
40075,8708
29125,8697
45005,8688
29033,8679
13165,8676
29137,8644
13315,8635
28157,8630
19133,8615
30021,8613
19117,8600
30057,8600
54095,8591
31045,8589
48009,8553
48335,8545
13273,8531
20205,8525
54015,8508
02220,8493
21223,8471
48193,8461
13141,8457
54017,8448
56019,8445
22081,8442
37075,8441
12067,8422
31027,8402
56031,8393
72147,8386
46125,8384
13197,8359
12077,8354
29081,8352
31107,8332
02158,8314
21023,8303
29061,8278
18171,8265
28009,8259
35037,8253
05099,8252
54075,8247
26135,8241
48405,8237
21143,8210
28019,8210
26013,8209
08021,8205
47083,8201
27101,8194
38057,8187
08113,8179
20031,8179
48083,8175
29203,8166
13003,8165
08065,8127
13289,8120
17065,8116
54101,8114
01063,8111
26153,8094
13253,8090
47135,8076
28053,8064
05117,8062
38097,8036
31101,8034
16059,8027
13269,8020
31023,8016
48495,8010
20027,8002
13287,7985
48307,7984
51620,7967
05025,7956
72083,7927
13181,7921
21007,7888
49025,7886
05129,7881
19053,7870
41037,7869
31147,7865
20003,7858
13309,7855
16015,7831
54021,7823
56043,7805
20193,7777
31121,7755
05101,7753
28037,7713
19135,7707
16077,7681
48175,7658
40093,7629
53019,7627
02188,7621
47027,7615
20043,7600
56011,7584
29057,7561
48069,7530
48283,7520
21063,7517
54073,7460
51678,7446
29041,7426
21129,7403
48437,7397
30105,7396
41025,7393
19195,7381
51157,7370
48075,7306
46067,7291
48111,7287
55091,7287
21181,7269
40141,7250
42053,7247
50013,7235
31173,7224
41063,7208
41023,7199
21237,7157
16029,7155
19001,7152
20095,7152
20067,7150
31139,7148
54013,7109
08063,7097
48047,7093
18161,7054
46051,7052
31095,7046
19177,7044
51097,7025
47095,7016
05039,7009
48017,7000
28063,6990
22023,6973
31127,6972
54071,6969
51036,6963
19071,6960
48391,6948
20197,6931
56045,6927
13283,6901
46009,6901
08055,6897
02240,6893
30077,6890
22035,6861
19093,6860
20167,6856
54093,6839
38005,6832
08109,6824
38067,6801
29045,6797
28119,6792
13243,6778
17169,6768
32027,6725
46047,6713
49001,6710
48377,6704
05095,6701
30005,6681
17071,6646
05073,6624
27073,6623
13259,6621
47067,6620
19151,6619
13065,6618
21057,6614
17009,6578
46101,6576
29075,6571
31099,6495
21165,6489
47127,6488
51530,6478
31021,6459
31093,6445
19185,6441
51181,6422
20145,6414
17047,6395
46115,6376
27107,6375
51640,6347
08103,6324
05147,6320
31003,6298
38009,6282
51021,6280
29179,6270
08047,6243
30007,6237
26095,6229
48169,6229
27167,6207
02198,6203
31035,6203
13263,6195
13037,6189
46057,6164
50009,6163
30099,6147
16007,6125
19173,6121
20053,6102
29211,6089
42113,6066
08025,6061
48411,6055
40067,6002
20069,5988
20073,5982
29035,5982
20123,5979
27051,5972
21075,5969
19143,5958
48305,5951
29205,5930
48065,5926
31167,5920
20181,5917
30073,5911
46041,5892
18115,5875
47175,5872
54105,5821
48317,5771
17003,5761
38049,5745
17155,5739
48107,5737
26131,5720
13201,5718
40055,5712
48153,5712
20143,5704
40003,5702
08073,5701
31031,5689
55051,5687
40033,5666
48207,5658
27081,5639
31051,5636
30015,5635
02016,5634
20127,5620
46087,5586
08011,5577
48205,5576
51580,5538
32015,5532
27087,5527
19009,5496
40029,5495
20189,5485
27031,5463
31059,5462
46123,5441
20077,5436
46129,5435
72093,5430
46037,5424
20201,5406
48195,5399
16063,5366
20137,5361
51595,5346
17175,5342
17153,5335
48119,5331
40007,5311
46015,5297
13249,5257
13301,5254
31161,5246
20147,5234
02290,5230
38073,5218
31143,5213
48247,5200
31011,5192
05013,5189
32017,5183
29005,5143
51045,5131
31097,5071
08027,5068
48483,5056
49017,5051
47137,5048
31169,5003
27011,4991
08091,4952
17171,4951
46077,4939
37095,4937
46091,4935
20163,4920
02070,4916
08121,4908
29199,4902
19159,4894
40043,4891
48229,4886
48333,4873
38021,4872
17059,4828
20171,4823
48103,4797
21039,4760
17013,4739
30101,4736
29171,4696
31065,4676
29197,4660
31123,4642
20157,4636
30065,4633
55078,4556
16071,4531
35033,4521
32021,4505
53069,4488
42023,4447
20007,4427
38025,4424
36041,4416
21189,4415
56017,4413
29087,4403
30061,4397
21105,4380
46039,4351
48267,4337
22107,4334
40053,4333
28125,4321
16037,4315
35019,4300
27069,4298
55037,4295
16003,4294
48319,4274
08095,4265
38085,4230
35023,4198
46053,4185
17151,4177
31175,4158
20185,4156
31129,4148
51017,4147
32029,4123
46031,4086
35059,4059
27125,4055
38045,4046
20119,4033
37177,4016
13101,4006
53013,3985
51720,3981
38069,3975
20081,3968
29103,3959
30071,3954
48197,3933
31029,3924
38081,3898
08023,3887
40045,3859
48383,3849
16061,3838
20093,3838
38103,3834
48151,3830
46045,3829
17069,3821
48211,3819
46085,3781
48435,3776
38019,3762
27077,3740
30097,3737
46025,3736
40059,3688
48271,3667
48275,3664
48461,3657
31105,3632
29129,3617
19003,3602
20183,3583
40129,3583
08009,3581
35003,3527
31125,3519
48023,3509
31181,3487
48105,3464
46061,3453
48385,3452
20141,3421
48081,3387
31083,3380
30039,3379
46007,3365
46071,3344
02013,3337
30091,3309
48129,3278
02195,3266
48417,3265
27155,3259
20019,3250
38029,3241
48295,3233
38031,3210
46059,3191
20207,3138
46117,3098
13007,3038
20165,3036
38011,3024
48421,3022
06091,3005
31163,3001
31061,2979
13125,2971
48191,2964
20105,2962
31017,2955
46043,2921
48087,2920
31135,2891
20089,2879
38063,2879
46105,2865
48079,2853
30025,2846
13061,2834
20039,2827
20195,2803
20047,2798
20109,2794
48413,2793
31087,2762
46137,2756
46003,2751
20135,2750
48095,2726
49055,2711
20023,2657
40057,2653
20017,2648
20063,2636
31063,2627
31133,2613
13307,2607
16023,2597
20129,2587
20075,2539
02100,2530
20049,2530
20153,2530
20179,2521
02275,2502
38041,2499
38051,2497
49033,2483
20065,2482
38043,2480
20097,2475
46089,2379
31077,2356
56027,2356
46111,2344
30051,2337
38075,2327
13239,2299
46049,2299
38027,2287
38037,2274
48243,2274
38023,2264
08115,2248
38039,2231
53023,2225
38001,2216
46097,2216
48125,2211
51091,2190
38095,2189
48109,2171
46107,2153
02105,2148
48327,2138
40025,2137
30107,2126
20203,2119
26083,2116
38013,2115
48359,2112
21201,2108
02068,2097
46095,2061
08033,2055
32011,2029
29227,2013
46073,2013
30045,2007
20187,2006
20025,1994
31073,1990
31071,1969
46017,1962
38065,1959
48137,1932
31015,1919
41021,1912
46055,1899
38091,1890
48011,1887
30059,1862
38047,1850
31069,1837
08017,1831
20083,1794
31049,1794
41055,1780
38033,1761
35011,1748
72049,1714
20033,1700
31057,1693
30019,1690
30075,1682
30055,1664
02164,1592
48045,1546
13265,1537
48235,1536
20101,1535
20199,1518
48447,1501
49031,1479
48173,1409
08061,1406
48101,1398
08057,1392
46119,1391
46021,1376
31149,1357
48433,1350
41069,1332
28055,1327
38083,1315
46069,1301
46063,1298
48431,1291
30033,1258
30011,1252
20071,1232
48345,1200
02230,1183
31165,1166
48155,1155
06003,1129
16025,1106
30079,1077
30109,969
49009,950
38007,928
31085,922
46075,903
32009,873
48393,854
16033,845
02060,836
30037,821
08053,820
31103,806
31183,783
48443,776
08079,769
48263,762
38087,750
31113,748
31007,745
48311,743
08111,728
31171,722
30103,696
31091,682
31115,664
48033,654
35021,625
31075,623
02282,579
31117,494
30069,487
31009,465
31005,463
48261,404
48269,272
48301,169
15005,86
